IMO,AA0,pos,AA1,mutation
M,S,31,A,frameshift
M,L,41,,deletion
I,R,49,,termination
M,A,62,,deletion
M,H,63,,deletion
M,G,64,,deletion
M,K,65,,deletion
M,I,83,T,frameshift
O,D,88,E,frameshift
O,R,103,,termination
I,P,152,L,frameshift
I,R,189,,termination
M,S,217,L,frameshift
M,V,250,A,frameshift
M,V,250,I,frameshift
M,A,251,T,frameshift
M,G,253,R,frameshift
M,S,315,I,frameshift
M,L,322,P,frameshift
I,S,338,Y,frameshift
I,P,376,A,frameshift
M,Q,422,,termination
M,A,427,GMDQSYVCA,insertion
M,L,428,GMDQSYVCA,insertion
I,R,457,C,frameshift
O,V,499,I,frameshift
M,C,513,S,frameshift
I,R,531,C,frameshift
I,K,537,N,frameshift
M,V,598,M,frameshift
M,V,598,L,frameshift
M,V,599,G,frameshift
M,V,599,L,frameshift
M,M,605,V,frameshift
M,M,605,I,frameshift
O,Y,655,,termination
O,D,669,Y,frameshift
O,D,669,H,frameshift
O,E,679,,termination
M,F,681,S,frameshift
I,H,702,Y,frameshift
I,G,718,S,frameshift
I,P,722,L,frameshift
I,Q,745,,deletion
I,E,755,,termination
I,E,755,,deletion
I,E,756,,deletion
I,E,756,,deletion
I,G,782,S,frameshift
I,R,808,Q,frameshift
I,R,808,G,frameshift
O,E,829,V,frameshift
M,V,860,M,frameshift
M,C,868,,termination
M,M,870,I,frameshift
O,R,908,P,frameshift
O,N,915,S,frameshift
M,L,939,M,frameshift
I,R,953,H,frameshift
I,V,966,M,frameshift
I,R,972,H,frameshift
I,L,975,V,frameshift
M,F,991,L,frameshift
O,E,997,,termination
M,I,1007,M,frameshift
M,R,1010,H,frameshift
M,M,1011,I,frameshift
O,W,1069,,termination
O,R,1070,C,frameshift
O,R,1073,W,frameshift
I,Q,1111,,termination
I,Q,1114,E,frameshift
I,S,1117,L,frameshift
I,Q,1125,,termination
I,S,1153,,termination
I,T,1201,M,frameshift
M,V,1223,I,frameshift
O,F,1247,C,frameshift
O,S,1255,R,frameshift
M,W,1287,,termination
I,R,1299,C,frameshift
I,N,1332,T,frameshift
I,E,1344,,deletion
I,I,1357,V,frameshift
I,I,1357,M,frameshift
I,R,1358,P,frameshift
I,R,1358,C,frameshift
I,Q,1361,R,frameshift
I,S,1396,F,frameshift
I,R,1404,W,frameshift
I,G,1416,R,frameshift
I,A,1457,V,frameshift
I,V,1458,A,frameshift
I,A,1496,V,frameshift
I,A,1497,V,frameshift
I,G,1519,P,frameshift
I,R,1527,H,frameshift
I,S,1540,A,frameshift
I,R,1547,H,frameshift
I,D,1566,G,frameshift
I,V,1570,L,frameshift
I,Q,1591,P,frameshift
I,T,1617,M,frameshift
I,G,1629,R,frameshift
I,E,1630,,termination
I,Y,1638,,termination
I,R,1671,W,frameshift
I,A,1678,V,frameshift
M,A,1684,V,frameshift
M,V,1712,M,frameshift
I,S,1721,W,frameshift
M,T,1732,M,frameshift
O,Y,1763,,termination
O,E,1764,Q,frameshift
M,L,1790,S,frameshift
M,M,1791,I,frameshift
I,R,1797,C,frameshift
I,E,1828,Q,frameshift
I,R,1864,H,frameshift
I,K,1877,,deletion
I,E,1898,D,frameshift
I,P,1906,K,frameshift
I,R,1909,E,frameshift
I,E,1910,K,frameshift
I,R,1925,W,frameshift
I,R,1943,Q,frameshift
I,R,1943,W,frameshift
I,R,1955,C,frameshift
M,G,1978,D,frameshift
O,A,1988,V,frameshift
O,S,1994,F,frameshift
M,A,2003,D,frameshift
M,A,2003,N,frameshift
M,A,2003,T,frameshift
M,V,2006,I,frameshift
M,V,2006,D,frameshift
M,M,2007,L,frameshift
M,T,2014,I,frameshift
I,A,2020,T,frameshift
I,A,2020,V,frameshift
I,Y,2022,H,frameshift
I,L,2023,V,frameshift
I,G,2029,R,frameshift
M,V,2069,M,frameshift
M,K,2070,Q,frameshift
I,R,2088,G,frameshift
I,R,2110,W,frameshift
I,R,2110,Q,frameshift
I,T,2127,M,frameshift
I,C,2151,R,frameshift
I,K,2157,E,frameshift
I,P,2160,L,frameshift
I,K,2169,,deletion
I,V,2171,F,frameshift
M,L,2192,I,frameshift
M,S,2195,L,frameshift
O,V,2201,F,frameshift
O,M,2225,R,frameshift
O,A,2227,V,frameshift
O,Q,2228,,termination
O,R,2245,K,frameshift
O,P,2251,S,frameshift
O,K,2266,I,frameshift
O,I,2270,T,frameshift
O,L,2277,M,frameshift
O,R,2302,H,frameshift
O,R,2302,P,frameshift
O,Q,2308,E,frameshift
O,E,2322,,termination
O,K,2323,T,frameshift
O,R,2335,Q,frameshift
O,R,2336,W,frameshift
O,Q,2373,,termination
O,R,2390,Q,frameshift
O,E,2392,K,frameshift
O,G,2394,S,frameshift
O,A,2395,V,frameshift
O,G,2399,S,frameshift
O,E,2402,,termination
O,E,2407,K,frameshift
O,E,2407,Q,frameshift
O,P,2430,L,frameshift
M,G,2433,R,frameshift
M,G,2439,E,frameshift
I,R,2456,H,frameshift
I,R,2456,C,frameshift
I,F,2458,L,frameshift
I,E,2461,K,frameshift
I,H,2464,P,frameshift
I,V,2474,M,frameshift
I,R,2488,G,frameshift
I,R,2488,Q,frameshift
I,Q,2489,D,frameshift
I,R,2491,W,frameshift
I,L,2493,LEL,frameshift
I,E,2494,V,frameshift
I,E,2496,ELE,frameshift
I,K,2502,R,frameshift
I,L,2506,F,frameshift
I,P,2510,L,frameshift
I,K,2520,E,frameshift
