index,AA0,pos,AA1,mutation
1,S,31,A,frameshift
2,L,41,,deletion
3,R,49,,termination
4,A,62,,deletion
5,H,63,,deletion
6,G,64,,deletion
7,K,65,,deletion
8,I,83,T,frameshift
9,D,88,E,frameshift
10,R,103,,termination
11,P,152,L,frameshift
12,R,189,,termination
13,S,217,L,frameshift
14,V,250,A,frameshift
15,V,250,I,frameshift
16,A,251,T,frameshift
17,G,253,R,frameshift
18,S,315,I,frameshift
19,L,322,P,frameshift
20,S,338,Y,frameshift
21,P,376,A,frameshift
22,Q,422,,termination
23,A,427,GMDQSYVCA,insertion
24,L,428,GMDQSYVCA,insertion
25,R,457,C,frameshift
26,V,499,I,frameshift
27,C,513,S,frameshift
28,R,531,C,frameshift
29,K,537,N,frameshift
30,V,598,M,frameshift
31,V,598,L,frameshift
32,V,599,G,frameshift
33,V,599,L,frameshift
34,M,605,V,frameshift
35,M,605,I,frameshift
36,Y,655,,termination
37,D,669,Y,frameshift
38,D,669,H,frameshift
39,E,679,,termination
40,F,681,S,frameshift
41,H,702,Y,frameshift
42,G,718,S,frameshift
43,P,722,L,frameshift
44,Q,745,,deletion
45,E,755,,termination
46,E,755,,deletion
47,E,756,,deletion
48,E,756,,deletion
49,G,782,S,frameshift
50,R,808,Q,frameshift
51,R,808,G,frameshift
52,E,829,V,frameshift
53,V,860,M,frameshift
54,C,868,,termination
55,M,870,I,frameshift
56,R,908,P,frameshift
57,N,915,S,frameshift
58,L,939,M,frameshift
59,R,953,H,frameshift
60,V,966,M,frameshift
61,R,972,H,frameshift
62,L,975,V,frameshift
63,F,991,L,frameshift
64,E,997,,termination
65,I,1007,M,frameshift
66,R,1010,H,frameshift
67,M,1011,I,frameshift
68,W,1069,,termination
69,R,1070,C,frameshift
70,R,1073,W,frameshift
71,Q,1111,,termination
72,Q,1125,,termination
73,Q,1114,E,frameshift
74,S,1117,L,frameshift
75,S,1153,,termination
76,T,1201,M,frameshift
77,V,1223,I,frameshift
78,F,1247,C,frameshift
79,S,1255,R,frameshift
80,W,1287,,termination
81,R,1299,C,frameshift
82,N,1332,T,frameshift
83,E,1344,,deletion
84,I,1357,V,frameshift
85,I,1357,M,frameshift
86,R,1358,P,frameshift
87,R,1358,C,frameshift
88,Q,1361,R,frameshift
89,S,1396,F,frameshift
90,R,1404,W,frameshift
91,G,1416,R,frameshift
92,A,1457,V,frameshift
93,V,1458,A,frameshift
94,A,1496,V,frameshift
95,A,1497,V,frameshift
96,G,1519,P,frameshift
97,R,1527,H,frameshift
98,S,1540,A,frameshift
99,R,1547,H,frameshift
100,D,1566,G,frameshift
101,V,1570,L,frameshift
102,Q,1591,P,frameshift
103,T,1617,M,frameshift
104,G,1629,R,frameshift
105,E,1630,,termination
106,Y,1638,,termination
107,R,1671,W,frameshift
108,A,1678,V,frameshift
109,A,1684,V,frameshift
110,V,1712,M,frameshift
111,S,1721,W,frameshift
112,T,1732,M,frameshift
113,Y,1763,,termination
114,E,1764,Q,frameshift
115,L,1790,S,frameshift
116,M,1791,I,frameshift
117,R,1797,C,frameshift
118,E,1828,Q,frameshift
119,R,1864,H,frameshift
120,K,1877,,deletion
121,E,1898,D,frameshift
122,P,1906,K,frameshift
123,R,1909,E,frameshift
124,E,1910,K,frameshift
125,R,1925,W,frameshift
126,R,1943,Q,frameshift
127,R,1943,W,frameshift
128,R,1955,C,frameshift
129,G,1978,D,frameshift
130,A,1988,V,frameshift
131,S,1994,F,frameshift
132,A,2003,D,frameshift
133,A,2003,N,frameshift
134,A,2003,T,frameshift
135,V,2006,I,frameshift
136,V,2006,D,frameshift
137,M,2007,L,frameshift
138,T,2014,I,frameshift
139,A,2020,T,frameshift
140,A,2020,V,frameshift
141,Y,2022,H,frameshift
142,L,2023,V,frameshift
143,G,2029,R,frameshift
144,V,2069,M,frameshift
145,K,2070,Q,frameshift
146,R,2088,G,frameshift
147,R,2110,W,frameshift
148,R,2110,Q,frameshift
149,T,2127,M,frameshift
150,C,2151,R,frameshift
151,K,2157,E,frameshift
152,P,2160,L,frameshift
153,K,2169,,deletion
154,V,2171,F,frameshift
155,L,2192,I,frameshift
156,S,2195,L,frameshift
157,V,2201,F,frameshift
158,M,2225,R,frameshift
159,A,2227,V,frameshift
160,Q,2228,,termination
161,R,2245,K,frameshift
162,P,2251,S,frameshift
163,K,2266,I,frameshift
164,I,2270,T,frameshift
165,L,2277,M,frameshift
166,R,2302,H,frameshift
167,R,2302,P,frameshift
168,Q,2308,E,frameshift
169,E,2322,,termination
170,K,2323,T,frameshift
171,R,2335,Q,frameshift
172,R,2336,W,frameshift
173,Q,2373,,termination
174,R,2390,Q,frameshift
175,E,2392,K,frameshift
176,G,2394,S,frameshift
177,A,2395,V,frameshift
178,G,2399,S,frameshift
179,E,2402,,termination
180,E,2407,K,frameshift
181,E,2407,Q,frameshift
182,P,2430,L,frameshift
183,G,2433,R,frameshift
184,G,2439,E,frameshift
185,R,2456,H,frameshift
186,R,2456,C,frameshift
187,F,2458,L,frameshift
188,E,2461,K,frameshift
189,H,2464,P,frameshift
190,V,2474,M,frameshift
191,R,2488,G,frameshift
192,R,2488,Q,frameshift
193,Q,2489,D,frameshift
194,R,2491,W,frameshift
195,L,2493,LEL,frameshift
196,E,2494,V,frameshift
197,E,2496,ELE,frameshift
198,K,2502,R,frameshift
199,L,2506,F,frameshift
200,P,2510,L,frameshift
201,K,2520,E,frameshift
